Keller,Adam,@realadamjkeller,adamjkeller
Peck,Nathan,@nathankpeck,nathanpeck
Mistry,Paavan,@98pm,paavan98pm
Hara,Tori,@toricls,toricls
Saidel-Keesing,Maish,@maishsk,maishsk
Dooley,Jeramiah,@jdooley_clt,null
Garrison,Justin,@rothgar,rothgar
Butler,Jesse,@jlb13,jlbutler
Joshi,Sheetal,@shjoshi,sheetaljoshi
Cowan,Jeremy,@jicowan,jicowan
Zaneski,Eddie,@eddiezane,eddiezane
ReFerre,Massimo,@mreferre,mreferre